text,emotion
carefully word blog posts amount criticism hear place coming saudis non saudis goes show feeling discontent lot areas directed towards specific people never swat teams charging conversations,â˜¹ï¸
cannot remember little mermaid feeling carefree beauty life gets lost somewhere massive piles homework budgeting finances eventually daunting choices life become adult,ğŸ™‚
not feeling super well turns cold knocked next three weeks afterward hotter know head not,ğŸ™‚
feel honored part group amazing talents,ğŸ™‚
think helping also began feel pretty lonely lot people used enjoy climbing moved really feel like anyone climb hard gym anymore,â˜¹ï¸
feel like pleasant nice around,ğŸ™‚
cannot get feelings not trusting head,ğŸ™‚
still feeling exhausted know strength gotten day,â˜¹ï¸
not feeling particularly clever entertaining,ğŸ™‚
feeling extremely ugly right,â˜¹ï¸
feeling sensation divine love chest,ğŸ™‚
wish could say got feeling everything going perfect painless not,ğŸ™‚
waiting sun come back school called joey sore throat want summer make lunch love alllllllllllll,â˜¹ï¸
feeling discouraged old clothes summer clothes actually made money summer went shopping thus wearing jeans converse sweatshirt every day,â˜¹ï¸
already feel becoming casual fandom,ğŸ™‚
get feeling real life situation spawned yeah vehicle need loo not pleasant situation imagine schedule thirty people sitting behind,ğŸ™‚
feel guilty leaving f,â˜¹ï¸
love feel well good stuff,ğŸ™‚
return sideways fuck meds bills,â˜¹ï¸
wear glasses feel like really smart person,ğŸ™‚
feel fake write distance,â˜¹ï¸
actually going pick stock feel beaten unfairly come back three companies think underperform,â˜¹ï¸
feeling generous put files filled brim focaccia kneaded thighs cuban virgins download,ğŸ™‚
tell feel confidence enthusiasm super excited,ğŸ™‚
fought last night today sitting stuffy head fog feeling completely worthless,â˜¹ï¸
feel like cup not useful already full,ğŸ™‚
feel though helps keep artistic value image text covering album may restrict artistic merit image created,ğŸ™‚
feeling brave slipped handful chopped red onion salad,ğŸ™‚
starting feel really optimistic fitness,ğŸ™‚
feeling energetic point want something new motivation strange not know,ğŸ™‚
feeling ungrateful pray god ask show hand life,â˜¹ï¸
hate feeling needy vulnerable,â˜¹ï¸
feel lot relieved bishop pressuring us much still stressed success activity,ğŸ™‚
really crying laughing hard instead feeling sad one moments know remember forever know,â˜¹ï¸
feel pretty mellow mixed intense hunger,ğŸ™‚
not feel clever funny grateful sweet,ğŸ™‚
want know tt ok feel burdened feel sad feel tt feeling,â˜¹ï¸
actually feel touch homesick seeing scenery,â˜¹ï¸
no longer feel inhibited prospect male lover broaden horizon,â˜¹ï¸
hope feeling fond,ğŸ™‚
really hoping stops going getting ridiculous bad feeling one us innocent ones going get badly hurt even killed,ğŸ™‚
feel like everything else life going well,ğŸ™‚
already feeling stuff back aching like mad feel diarrhoea ish maj warned not go toilet break no matter trying tahan,â˜¹ï¸
reckon need stop feeling bitter realistic,â˜¹ï¸
feeling artistically deprived recently haha,â˜¹ï¸
feel like maybe depressed,â˜¹ï¸
begun feel burdened stories realities girls one boy shelter,â˜¹ï¸
disregard feelings valuable friendships made working graveyards,ğŸ™‚
feel ugly eat sweets much,â˜¹ï¸
terrible cartoon supposed mexican,â˜¹ï¸
feel relief freedom self determined destiny,ğŸ™‚
woke cat face haha,ğŸ™‚
feeling gloomy unmotivated overwhelmed,â˜¹ï¸
argyle sockso sorry shannon,â˜¹ï¸
looking blood almost feeling punished arrogant,â˜¹ï¸
feeling pretty relaxed glazing away nat,ğŸ™‚
pass says hey feeling important honest,ğŸ™‚
think faux stuff feels unpleasant looks ugly,â˜¹ï¸
officially graduated not feeling ecstatic thought would,ğŸ™‚
great talk tony afternoon going give another go,ğŸ™‚
sashaostrikoff miss,â˜¹ï¸
said goodbye grandmother cousins monotonously comparing goodbye friends feeling sorry not guilty not caring family,â˜¹ï¸
feel honored capture important moment lives,ğŸ™‚
feel convinced actions anymore therefore clever vs,ğŸ™‚
trevorab aww poor dear awesome came race,â˜¹ï¸
feel really emotional journey,â˜¹ï¸
know lonely feel rotten,â˜¹ï¸
feel like target blank href http lds,â˜¹ï¸
fritz roderick von hughes sad kennel day,â˜¹ï¸
left feeling pretty,ğŸ™‚
feel fucking heartbroken,â˜¹ï¸
feel not anything god throws pleasant surprise,ğŸ™‚
never feel contented,ğŸ™‚
want mark feel like useful successful,ğŸ™‚
got home feeling exhausted discouraged,â˜¹ï¸
struggle way feeling content,ğŸ™‚
happy mother day mom happen greatest mom world love mom best friend,ğŸ™‚
returned home feeling exhausted satisfied day,â˜¹ï¸
not spoil movie course think like version sleeping beauty feel angelina jolie perfect part maleficent,ğŸ™‚
started feeling crappy saturday morning,â˜¹ï¸
feel assured pick php fairly quickly mod several themes fit needs,ğŸ™‚
actually jumped gun already sent one week ago get feel rejected,â˜¹ï¸
remember feeling embarrassed even young child clothes ugly mismatched,â˜¹ï¸
feel quite disturbed tell whether someone male female,â˜¹ï¸
could pilaf steamed veggies feeling rather deprived one vacation year not cooking succumbed bit seafood,â˜¹ï¸
feel really bothered lack time get find inspiration,â˜¹ï¸
guess feel morose,â˜¹ï¸
feel hated cempaka,â˜¹ï¸
not witty think much many followers feel stupid private slightly less awful bra shopping not much,â˜¹ï¸
roasting probably death,â˜¹ï¸
feel nothing never forget much hated back,â˜¹ï¸
anything want let fall depression especially since feeling bit remorseful moment,â˜¹ï¸
eughhhh feels really ill today headache bunged sore throat hayfever,â˜¹ï¸
allowed leave feeling unloved unworthy,â˜¹ï¸
feeling dirty,â˜¹ï¸
addicted feeling hated,â˜¹ï¸
feel like ava fantastic know going fine emotions get best,ğŸ™‚
feel like photo type posts going suit kind content want produce,ğŸ™‚
kikirowr aww not,â˜¹ï¸
feel distribution important would rather guaranteed loss ten days chance losing years,ğŸ™‚
feel hopeless desperate many months,â˜¹ï¸
want meet knew would uncomfortable encounter simply feelings become messy,â˜¹ï¸
feel particularly brave okay,ğŸ™‚
also say feel pretty sweet featured alongside katelyn james,ğŸ™‚
feel faithful facts,ğŸ™‚
lindsayslifee look nice atleast haha lt,ğŸ™‚
feel confident day picture,ğŸ™‚
not wear lot like keep handy case feeling ever adventurous not often,ğŸ™‚
aubs thoughts exactly leaving dogs al hate see luggage come,â˜¹ï¸
feel others suffering,â˜¹ï¸
know feel graceful dance,ğŸ™‚
must say reading book kind feeling sorry popular talented,â˜¹ï¸
feel pressure act like heartbroken secretly not really care much,â˜¹ï¸
feeling generous would love hit followers,ğŸ™‚
almost always feel pathetic lowest low pay,â˜¹ï¸
lionschmion honey not think kidding moment feel dedication gorgeous smirky men strong indeed,ğŸ™‚
honestly say sistahs chat feel invigorated blessed,ğŸ™‚
bgt gutted finishes tomorrow stavros flatley way,ğŸ™‚
feeling particularly environmentally friendly,ğŸ™‚
feeling like welcomed home,ğŸ™‚
also feeling trusting master lately,ğŸ™‚
dreaming dog know not feel troubled dream,â˜¹ï¸
got surprised feel bit groggy,â˜¹ï¸
need know ask forgiveness times process not thought gospel first considered feelings important therefore sinned,ğŸ™‚
find shopping town difficult overwhelmed choices amp not good around people feel embarrassed browse online like add add need product,â˜¹ï¸
constantly evaluated far making list feeling would forever feel disheartened,â˜¹ï¸
feel divine intervention found shortly thereafter taken ontario hospital,ğŸ™‚
feel inside life like game sometimes came around walls disappeared nothing surround keep fears unprotected see opened oh made trust nver felt like img src http www,â˜¹ï¸
still feeling tragic moments,â˜¹ï¸
feel hurt time single nigerian killed including boko haram still nigerians asked countries support including usa uk france cameroon chad e,â˜¹ï¸
feeling adventurous morning friend lisa href http lisaprojectvegan,ğŸ™‚
woke still feel sleep deprived cutting tree bare scissors ax,â˜¹ï¸
feel broke college student depositing bank account data related syedbalkhifounder wpbeginner data count vertical tweet,â˜¹ï¸
expressed concerns jens mobility really declined point sometimes uses crutches good day doctor suggested occupational therapy said would contact local occupational therapist went merry way feeling rather disheartened,â˜¹ï¸
feel rather less jubilant might expect,ğŸ™‚
go date certain guy worst left feeling somewhat rejected probably go beer pizza friends,â˜¹ï¸
feeling not smart grades portray,ğŸ™‚
cannot give feel helpless,â˜¹ï¸
always feel invigorated walk around manhattan,ğŸ™‚
would able fulfill master wishes dreams spread knowledge meditation nook corner world let get involved something together always feel proud,ğŸ™‚
feel like rich privileged girl everything given still fails happy,ğŸ™‚
told feeling quite smug choice go drugs right,ğŸ™‚
feel really cool haha,ğŸ™‚
feel beloved around parts dan snyder not,ğŸ™‚
feel comfortable job setting first started blog post,ğŸ™‚
feel like punished react well,â˜¹ï¸
never thin hopefully know feeling soon remain faithful cambridge,ğŸ™‚
feel clever intelligent pretty beautiful,ğŸ™‚
not love probably not see say pretty engrossing maybe feel dumb twists turns erotic thriller took kept guessing ending end,â˜¹ï¸
say sometimes stretch understand people feeling senses neurons feeling assaulted g knows cares understands acts feelings,â˜¹ï¸
feel often disturbed tardy,â˜¹ï¸
feel pretty spot instance guessing,ğŸ™‚
watching tv home wishing could get chicken shish delivered not go enough pennies,â˜¹ï¸
feel like put stop grounds someone could get hurt guess figure,â˜¹ï¸
not need kid thinking must order prove something feel like successful,ğŸ™‚
feel heart free soul listening quietly hearts wails try sleep shut eyes realize not thought smile one sought,ğŸ™‚
said done feeling hurt seeing telling different story,â˜¹ï¸
frustrated not telling not feel comfortable touching like,ğŸ™‚
feel like abused,â˜¹ï¸
feel like no matter see valuable praise worthy,ğŸ™‚
feel wonderful double mastectomy video script type text javascript src http platform,ğŸ™‚
ddlovato demi think would amazing covered get paramore haha sure know,ğŸ™‚
feeling little bit brave posting haikus mine let guess,ğŸ™‚
feel little guilty makes think,â˜¹ï¸
still feel honoured met,ğŸ™‚
feel like bad days good ones,â˜¹ï¸
proud feel college student title makes acceptable,ğŸ™‚
feel everything runtime descriptioni messed last one stupid windows movie maker made song longer tha,â˜¹ï¸
feel especially passionate world boxing nfl football legal see mma legal,ğŸ™‚
feel vital anyone coming industry find leader learn follow lead get similar results exactly offered,ğŸ™‚
feeling jealous remind story keeps path better living,â˜¹ï¸
feel little bit melancholy easter time however,â˜¹ï¸
feeling generous offering give lucky people coupons free copy,ğŸ™‚
kept rejecting searching friend would make feel pleasant,ğŸ™‚
feel way days also thankful megatron getting bigger stronger day,ğŸ™‚
feel strong really feel perform anything feel quite energetic need sleep individuals inside manic phase,ğŸ™‚
playing game gamecube hours got killed realizied not saved since started playing curses hate happens feel quite disheartened,â˜¹ï¸
feeling rotten got cold not sleep well last night,â˜¹ï¸
feeling jolly since clearly easter platter cute reduced bought anyway,ğŸ™‚
knee killing,â˜¹ï¸
think good feeling satisfaction hope joyful expectation happiness excitement passion joy gratitude love,ğŸ™‚
feel like successful mother caleb learning played together dinner made house cleaned days late work morning missing report,ğŸ™‚
feel idiotic considering long art department anyone give clear idea art barn looks like,â˜¹ï¸
turn know would feel amazing would eat right much work,ğŸ™‚
feel awkward iphone always,â˜¹ï¸
sometimes feel shamed admit accept every ethical dilemma no clear cut right wrong something reluctantly grown accept,â˜¹ï¸
shamelessly spent every single day june holidays studying yet receiving terrible results feeling numb,â˜¹ï¸
went downstairs feeling contented heard phone call hung mom came said megan accident someone died,ğŸ™‚
not feeling positive figure got id heard today,ğŸ™‚
feel need disclaim photos legs saying apparently knees ugly,â˜¹ï¸
wanted feel super special loved,ğŸ™‚
used use drugs speed acid mdma managed stop using without intervention stopped using getting sick feeling crappy come,â˜¹ï¸
reckon like secret handshake thing guys bus used year playing snap name game kind special code artists understand feel cool know rest world not get,ğŸ™‚
love latter smooth feel delicious flavours not mention awesome glossy appearance,ğŸ™‚
feel useless rotten,â˜¹ï¸
feel eager go back,ğŸ™‚
feeling disillusioned organized religion,â˜¹ï¸
thought maybe started running would feel ok,ğŸ™‚
feel like indication character want truthful personality attitude,ğŸ™‚
excited going glasgow feel graceful last three months,ğŸ™‚
guess man god feeling relaxed,ğŸ™‚
zokathepuppy heyyy todayy,ğŸ™‚
feeling pretty damn brave letting abby play outside kids afternoon,ğŸ™‚
know feels like disliked coz colleagues consciously kept distance,â˜¹ï¸
feel stupid easily cry days,â˜¹ï¸
feeling optimistic everything hoping able slow growth endo continuing eat gluten free amping health general starting hormones giving weeks heal,ğŸ™‚
feel look little awkward,â˜¹ï¸
feel pretty one href http getyourprettyon,ğŸ™‚
wish could stop time even second take deep breath recollect relive happy moments feel stressed,â˜¹ï¸
feel quite honored read,ğŸ™‚
figure write whatever feeling passionate hope best,ğŸ™‚
feel mislead sometimes others link seemingly cool promos find referral codes personal gain haha,ğŸ™‚
feel terrible nails complete crap got busy went vacation florida week,â˜¹ï¸
feel getting devastated evertime speaks coldly possibility death parents negligence,â˜¹ï¸
feels someone hurts heart knife adores mother law never imagines generous kind woman look killer look arnav looking no,ğŸ™‚
feel energetic full joyful love want chase around toss air play hour,ğŸ™‚
chi weets not hurt meant good way,â˜¹ï¸
done many things wish post recommend summer songs although feel lame talk music cool ten years ago not care still cool,â˜¹ï¸
know feels often rejected overlooked could look like anyone would trent,â˜¹ï¸
hope tips help ideas please feel free leave comment,ğŸ™‚
getting used feeling safe relationship sweet treasure,ğŸ™‚
wishes happy mother day,ğŸ™‚
certainly remember moments feeling extremely discouraged often outraged angry occasionally deeply sad wounded,â˜¹ï¸
feel sorry regret hurting make unhappy id take life leave love,â˜¹ï¸
feeling inspired really want sing make video kids honor,ğŸ™‚
lady twitster ohhhh love morse every episode video amp sometimes gaze lovingly,ğŸ™‚
feel like kicked somewhere unpleasant,â˜¹ï¸
feel like failure like fake like no right label survivor,â˜¹ï¸
feel horrible done target blank class uni icon font icon facebook squared stack share link title share facebook href https twitter,â˜¹ï¸
feel not know something go feel beaten,â˜¹ï¸
feel fine href http ourtinyearth,ğŸ™‚
feel aching bereft,â˜¹ï¸
find retrained either another person feel quite repressed even depressed rhyming feelings mofo,â˜¹ï¸
feel privileged along ride share thoughts life literature love,ğŸ™‚
still feeling aches pains dull blueness alcohol aftershock,â˜¹ï¸
feel like shitty friend,â˜¹ï¸
feeling generous fellow bookworms kiddies even kid heart,ğŸ™‚
feel thought canvas blank white,â˜¹ï¸
feel relaxed moment,ğŸ™‚
feel relieved find people like feel like trait like,ğŸ™‚
seem feel suffering pain people feel try reach,â˜¹ï¸
remember feeling numb cried drove,â˜¹ï¸
feel parent emma welcomed class opposed not,ğŸ™‚
still planning going etc not feeling sociable lately,ğŸ™‚
come accept feel agonized not attending sunday services first year exeter year taken responsibility proctor make meditation practice regular,â˜¹ï¸
could armed three hundred cash six empty credit cards yet always feel going humiliated supermarket not able pay,â˜¹ï¸
feel community students eager learn build campus pride serve ambassadors online campus connecting education ways never previously considered,ğŸ™‚
feel resigned tonight also feel strangely calm like calm waters storm perhaps,â˜¹ï¸
feel fucking fantastic also tell things not right,ğŸ™‚
feel helpless man yet depend lot,â˜¹ï¸
fucked told much always respected boundaries never made feel judged shamed,â˜¹ï¸
feeling rather rotten,â˜¹ï¸
think feel determined weird reason looking challenge make feel better using path,ğŸ™‚
feel stickiness legs cool air gives notion exact whereabouts drape clammy aperture want rub appreciate hand,ğŸ™‚
tried moving legs bit since laying middle forest made feel unprotected,â˜¹ï¸
love feel strong,ğŸ™‚
learned former boyfriend become engaged although glad found wanted,â˜¹ï¸
feel awful grandpa ever wanted hug kind word died stupid bratty teenager could not even give,â˜¹ï¸
orange vitamin water new addiction try,â˜¹ï¸
miss feeling took awhile grow assured could never choose side mine,ğŸ™‚
feeling determined going time,ğŸ™‚
going bring whole bunch mine tired feeling super cautious,ğŸ™‚
want go though still not feeling sociable,ğŸ™‚
feel confident saying distinct flavors corporate workers,ğŸ™‚
need listen people tell cool work insecure feeling even though see believe paintings valuable better ways much local stuff far paintings go,ğŸ™‚
added every chore something see not agreed helping extra bits feel bad stop,â˜¹ï¸
feel hurt yet say not good enough,â˜¹ï¸
feeling rejected family,â˜¹ï¸
easter holiday working weekends left,ğŸ™‚
feel isolated alone without,â˜¹ï¸
feel joyful hopeful amazed willing dream,ğŸ™‚
ill anything good angel rose cast feel not care soon end cried charlie getting tragic earnestness putting arms around safety lay clinging beloved fellow creature,â˜¹ï¸
feel sorry friends went visit not saw second week get used,â˜¹ï¸
feel could assaulted himwhen made condition not giving case samehe right treatment,â˜¹ï¸
feel wednesday night music wonderful people join,ğŸ™‚
feel talented loyal giving people jones told sell crowd stravinski auditorium swiss town along lake geneva,ğŸ™‚
feel like given opportunities week stop thankful something,ğŸ™‚
feel beaten today really want go sleep neighbors party going take sleeping pill set two alarms hopefully work time,â˜¹ï¸
feel like writing starting feel passionate life,ğŸ™‚
feel unquestionably superior player,ğŸ™‚
feeling like vital parts getting hit harder ever,ğŸ™‚
believe children excel clear communication environment makes feel safe time fun,ğŸ™‚
would expect smaller group people guess would larger time commitment attendance would feel less casual showing normal talk,ğŸ™‚
hate ignore time show much hoping sad miss hoping not one feeling awful get intoxicated mess,â˜¹ï¸
know going help work greatly feel like lot back aching tedious work,â˜¹ï¸
feel idiotic not staying,â˜¹ï¸
feel lot talented guys comes r amp b urge guys coming aiming longevity stay away beef,ğŸ™‚
spent nights crying lonely count feel pathetic even though know not one,â˜¹ï¸
feel guilt thing not exactly innocent either,ğŸ™‚
feel defeated frustrated,â˜¹ï¸
feel like idiotic one quite situations moment,â˜¹ï¸
feel whose lives burdened nature antics,â˜¹ï¸
feel disturbed upset,â˜¹ï¸
feeling going pay money circuit city fix blamed thing bad sooo far away,â˜¹ï¸
feel self satisfied proving get without car not one typical americans dependent car foreign oil,ğŸ™‚
feeling thankful warm sunny california weather right power water roof head,ğŸ™‚
nothing compared feels precious lady,ğŸ™‚
zachmoore thought going see pic clean car,â˜¹ï¸
feel blank reading,â˜¹ï¸
